{"code-base-name": "notes_frontend", "description": "", "sources": [{"code-base-name": "notes_frontend", "file_id": 19, "knowledge_revision": 43, "git_revision": ""}, {"code-base-name": "notes_frontend", "file_id": 8, "knowledge_revision": 38, "git_revision": "8f5abe90bcf1978b40a5d30ad362d7b8d17dc1c9"}, {"code-base-name": "notes_frontend", "file_id": 13, "knowledge_revision": 27, "git_revision": ""}, {"code-base-name": "notes_frontend", "file_id": 16, "knowledge_revision": 32, "git_revision": ""}, {"code-base-name": "notes_frontend", "file_id": 14, "knowledge_revision": 29, "git_revision": ""}, {"code-base-name": "notes_frontend", "file_id": 15, "knowledge_revision": 31, "git_revision": ""}], "filename": "docs/requirements-notes-app.md", "knowledge_revision": 46}