{"is_source_file": false, "format": "", "description": "", "external_files": [], "external_methods": [], "published": [], "classes": [], "methods": [], "calls": [], "search-terms": [], "state": 2, "file_id": 6, "knowledge_revision": 40, "git_revision": "8f5abe90bcf1978b40a5d30ad362d7b8d17dc1c9", "hash": "278c01edbf283478390605df69f96146", "format-version": 4, "code-base-name": "notes_frontend", "filename": "notes_frontend/src/index.css", "revision_history": [{"40": "8f5abe90bcf1978b40a5d30ad362d7b8d17dc1c9"}]}