{"is_source_file": true, "format": "JavaScript (React JSX)", "description": "React component 'NotesList' that displays a list of notes with controls for selection, creation, and deletion. It manages different states such as loading, empty list, and populated list.", "external_files": ["./NotesList.css"], "external_methods": [], "published": ["default"], "classes": [], "methods": [{"name": "NotesList({ notes, selectedId, onSelect, onCreateNew, onDelete, isLoading, })", "description": "Functional React component rendering the list of notes with controls for selection, creation, and deletion.", "scope": "", "scopeKind": ""}], "calls": ["React", "onCreateNew", "onSelect", "onDelete"], "search-terms": ["NotesList", "React component", "notes array", "note selection", "note deletion", "loading state", "notes list UI"], "state": 2, "file_id": 14, "knowledge_revision": 29, "git_revision": "", "ctags": [{"_type": "tag", "name": "NotesList", "path": "/home/kavia/workspace/code-generation/simple-notes-app-200131-200149/notes_frontend/src/components/NotesList.jsx", "pattern": "/^export default function NotesList({$/", "language": "JavaScript", "kind": "function", "signature": "({ notes, selectedId, onSelect, onCreateNew, onDelete, isLoading, })"}], "hash": "738e87200fa9e361ae5995bcba7f57ba", "format-version": 4, "code-base-name": "notes_frontend", "filename": "notes_frontend/src/components/NotesList.jsx", "revision_history": [{"29": ""}]}