{"is_source_file": true, "format": "JavaScript (React JSX)", "description": "A React component for editing notes, including form controls, state management, and rendering logic.", "external_files": ["./NoteEditor.css"], "external_methods": [], "published": ["NoteEditor"], "classes": [], "methods": [{"name": "sanitizeDraft(note)", "description": "Sanitizes a note object by providing default empty strings for title and content if undefined.", "scope": "", "scopeKind": ""}, {"name": "NoteEditor({ mode,  note, onSave, onCancel, isSaving, })", "scope": "", "scopeKind": "", "description": "unavailable"}], "calls": ["React.useEffect", "React.useMemo", "React.useState"], "search-terms": ["NoteEditor", "React", "useEffect", "useMemo", "useState", "props", "controlled inputs", "jsx", "component", "notes"], "state": 2, "file_id": 15, "knowledge_revision": 31, "git_revision": "", "ctags": [{"_type": "tag", "name": "12", "path": "/home/kavia/workspace/code-generation/simple-notes-app-200131-200149/notes_frontend/src/components/NoteEditor.jsx", "pattern": "/^            rows={12}$/", "language": "JavaScript", "kind": "field", "scope": "rows", "scopeKind": "class"}, {"_type": "tag", "name": "NoteEditor", "path": "/home/kavia/workspace/code-generation/simple-notes-app-200131-200149/notes_frontend/src/components/NoteEditor.jsx", "pattern": "/^export default function NoteEditor({$/", "language": "JavaScript", "kind": "function", "signature": "({ mode,  note, onSave, onCancel, isSaving, })"}, {"_type": "tag", "name": "content", "path": "/home/kavia/workspace/code-generation/simple-notes-app-200131-200149/notes_frontend/src/components/NoteEditor.jsx", "pattern": "/^            value={content}$/", "language": "JavaScript", "kind": "field", "scope": "value", "scopeKind": "class"}, {"_type": "tag", "name": "sanitizeDraft", "path": "/home/kavia/workspace/code-generation/simple-notes-app-200131-200149/notes_frontend/src/components/NoteEditor.jsx", "pattern": "/^function sanitizeDraft(note) {$/", "language": "JavaScript", "kind": "function", "signature": "(note)"}, {"_type": "tag", "name": "title", "path": "/home/kavia/workspace/code-generation/simple-notes-app-200131-200149/notes_frontend/src/components/NoteEditor.jsx", "pattern": "/^            value={title}$/", "language": "JavaScript", "kind": "field", "scope": "value", "scopeKind": "class"}], "hash": "27c1ef33d97b3b1b101af6de2a6c3d43", "format-version": 4, "code-base-name": "notes_frontend", "filename": "notes_frontend/src/components/NoteEditor.jsx", "fields": [{"name": "rows={12}", "scope": "rows", "scopeKind": "class", "description": "unavailable"}, {"name": "value={content}", "scope": "value", "scopeKind": "class", "description": "unavailable"}, {"name": "value={title}", "scope": "value", "scopeKind": "class", "description": "unavailable"}], "revision_history": [{"31": ""}]}