{"is_source_file": true, "format": "JavaScript (React JSX)", "description": "Entry point for a React application that initializes and renders the main App component into the DOM.", "external_files": ["react", "react-dom/client", "./index.css", "./styles.css", "./App"], "external_methods": ["ReactDOM.createRoot", "root.render"], "published": ["<none explicitly exported from this file>"], "classes": [], "methods": [{"name": "ReactDOM.createRoot", "description": "Creates a root for rendering a React component tree."}, {"name": "root.render", "description": "Renders the React component into the DOM."}], "calls": ["ReactDOM.createRoot", "root.render", "React.StrictMode", "App"], "search-terms": ["index.js", "ReactDOM", "render", "React.StrictMode", "App component initialization"], "state": 2, "file_id": 5, "knowledge_revision": 41, "git_revision": "8f5abe90bcf1978b40a5d30ad362d7b8d17dc1c9", "revision_history": [{"24": "8f5abe90bcf1978b40a5d30ad362d7b8d17dc1c9"}, {"41": "8f5abe90bcf1978b40a5d30ad362d7b8d17dc1c9"}], "ctags": [{"_type": "tag", "name": "root", "path": "/home/kavia/workspace/code-generation/simple-notes-app-200131-200149/notes_frontend/src/index.js", "pattern": "/^const root = ReactDOM.createRoot(document.getElementById('root'));$/", "language": "JavaScript", "kind": "constant"}], "hash": "06f11241f1a73e66ef51346db02a9023", "format-version": 4, "code-base-name": "notes_frontend", "filename": "notes_frontend/src/index.js"}