{"is_source_file": false, "format": "", "description": "", "external_files": [], "external_methods": [], "published": [], "classes": [], "methods": [], "calls": [], "search-terms": [], "state": 2, "file_id": 9, "knowledge_revision": 39, "git_revision": "8f5abe90bcf1978b40a5d30ad362d7b8d17dc1c9", "hash": "1d1824d9ec5e3acaa653f340330126a6", "format-version": 4, "code-base-name": "notes_frontend", "filename": "notes_frontend/src/App.css", "revision_history": [{"39": "8f5abe90bcf1978b40a5d30ad362d7b8d17dc1c9"}]}