{"is_source_file": false, "format": "", "description": "", "external_files": [], "external_methods": [], "published": [], "classes": [], "methods": [], "calls": [], "search-terms": [], "state": 2, "file_id": 2, "knowledge_revision": 11, "git_revision": "8f5abe90bcf1978b40a5d30ad362d7b8d17dc1c9", "hash": "ebece526bc2eadd78ddd787a76c56607", "format-version": 4, "code-base-name": "notes_frontend", "filename": "notes_frontend/README.md", "revision_history": [{"11": "8f5abe90bcf1978b40a5d30ad362d7b8d17dc1c9"}]}