{"is_source_file": true, "format": "JavaScript (React)", "description": "The file 'App.js' is the main React component for a single-page Notes application that implements CRUD operations and interacts with a backend API for managing notes.", "external_files": ["./components/NotesList", "./components/NoteEditor", "./api/client", "./styles.css", "./App.css"], "external_methods": ["checkBackendReachable", "createNote", "deleteNote", "getResolvedApiBaseUrl", "listNotes", "updateNote"], "published": ["App"], "classes": [], "methods": [{"name": "sortNotesStable(notes)", "description": "Sorts notes either by descending numeric ID or preserves original order if IDs are not numeric.", "scope": "", "scopeKind": ""}, {"name": "findById(notes, id)", "description": "Finds and returns a note by its ID from a list of notes.", "scope": "", "scopeKind": ""}, {"name": "makeToast(title, message, kind)", "description": "Creates a toast notification object with given title, message, and type.", "scope": "", "scopeKind": ""}, {"name": "loadNotes", "description": "Fetches notes from the backend, sorts them, updates state, and manages UI state accordingly."}, {"name": "pushToast", "description": "Adds a new toast notification to the state, with auto-removal after a timeout."}, {"name": "handleCreateNew", "description": "Prepares the UI for creating a new note."}, {"name": "handleSelect", "description": "Handles selection of a note, switching to edit mode."}, {"name": "handleCancel", "description": "Handles cancel action in the editor, reverting to previous or default state."}, {"name": "handleSave", "description": "Saves the note, either creating or updating via API, with optimistic UI updates and error handling."}, {"name": "handleDelete", "description": "Deletes a note via API, with optimistic UI update and rollback on failure."}, {"name": "App()", "scope": "", "scopeKind": "", "description": "unavailable"}], "calls": ["listNotes()", "checkBackendReachable()", "updateNote()", "createNote()", "deleteNote()"], "search-terms": ["React App", "Notes CRUD", "NotesList component", "NoteEditor component", "Notes API", "useEffect hook", "state management", "sorting notes"], "state": 2, "file_id": 8, "knowledge_revision": 38, "git_revision": "8f5abe90bcf1978b40a5d30ad362d7b8d17dc1c9", "ctags": [{"_type": "tag", "name": "App", "path": "/home/kavia/workspace/code-generation/simple-notes-app-200131-200149/notes_frontend/src/App.js", "pattern": "/^function App() {$/", "language": "JavaScript", "kind": "function", "signature": "()"}, {"_type": "tag", "name": "content", "path": "/home/kavia/workspace/code-generation/simple-notes-app-200131-200149/notes_frontend/src/App.js", "pattern": "/^    const trimmed = { title: title.trim(), content: content.trim() };$/", "language": "JavaScript", "kind": "property", "scope": "App.trimmed", "scopeKind": "class"}, {"_type": "tag", "name": "editorMode", "path": "/home/kavia/workspace/code-generation/simple-notes-app-200131-200149/notes_frontend/src/App.js", "pattern": "/^              mode={editorMode}$/", "language": "JavaScript", "kind": "field", "scope": "App.mode", "scopeKind": "class"}, {"_type": "tag", "name": "editorMode", "path": "/home/kavia/workspace/code-generation/simple-notes-app-200131-200149/notes_frontend/src/App.js", "pattern": "/^              note={editorMode === 'edit' ? selectedNote : null}$/", "language": "JavaScript", "kind": "property", "scope": "App.note", "scopeKind": "class"}, {"_type": "tag", "name": "findById", "path": "/home/kavia/workspace/code-generation/simple-notes-app-200131-200149/notes_frontend/src/App.js", "pattern": "/^function findById(notes, id) {$/", "language": "JavaScript", "kind": "function", "signature": "(notes, id)"}, {"_type": "tag", "name": "handleCancel", "path": "/home/kavia/workspace/code-generation/simple-notes-app-200131-200149/notes_frontend/src/App.js", "pattern": "/^              onCancel={handleCancel}$/", "language": "JavaScript", "kind": "field", "scope": "App.onCancel", "scopeKind": "class"}, {"_type": "tag", "name": "handleCreateNew", "path": "/home/kavia/workspace/code-generation/simple-notes-app-200131-200149/notes_frontend/src/App.js", "pattern": "/^              onCreateNew={handleCreateNew}$/", "language": "JavaScript", "kind": "field", "scope": "App.onCreateNew", "scopeKind": "class"}, {"_type": "tag", "name": "handleDelete", "path": "/home/kavia/workspace/code-generation/simple-notes-app-200131-200149/notes_frontend/src/App.js", "pattern": "/^              onDelete={handleDelete}$/", "language": "JavaScript", "kind": "field", "scope": "App.onDelete", "scopeKind": "class"}, {"_type": "tag", "name": "handleSave", "path": "/home/kavia/workspace/code-generation/simple-notes-app-200131-200149/notes_frontend/src/App.js", "pattern": "/^              onSave={handleSave}$/", "language": "JavaScript", "kind": "field", "scope": "App.onSave", "scopeKind": "class"}, {"_type": "tag", "name": "handleSelect", "path": "/home/kavia/workspace/code-generation/simple-notes-app-200131-200149/notes_frontend/src/App.js", "pattern": "/^              onSelect={handleSelect}$/", "language": "JavaScript", "kind": "field", "scope": "App.onSelect", "scopeKind": "class"}, {"_type": "tag", "name": "isLoading", "path": "/home/kavia/workspace/code-generation/simple-notes-app-200131-200149/notes_frontend/src/App.js", "pattern": "/^              isLoading={isLoading && !lastLoadedRef.current}$/", "language": "JavaScript", "kind": "field", "scope": "App.isLoading", "scopeKind": "class"}, {"_type": "tag", "name": "isSaving", "path": "/home/kavia/workspace/code-generation/simple-notes-app-200131-200149/notes_frontend/src/App.js", "pattern": "/^              isSaving={isSaving}$/", "language": "JavaScript", "kind": "field", "scope": "App.isSaving", "scopeKind": "class"}, {"_type": "tag", "name": "makeToast", "path": "/home/kavia/workspace/code-generation/simple-notes-app-200131-200149/notes_frontend/src/App.js", "pattern": "/^function makeToast(title, message, kind) {$/", "language": "JavaScript", "kind": "function", "signature": "(title, message, kind)"}, {"_type": "tag", "name": "note", "path": "/home/kavia/workspace/code-generation/simple-notes-app-200131-200149/notes_frontend/src/App.js", "pattern": "/^              note={editorMode === 'edit' ? selectedNote : null}$/", "language": "JavaScript", "kind": "class", "scope": "App", "scopeKind": "class"}, {"_type": "tag", "name": "notes", "path": "/home/kavia/workspace/code-generation/simple-notes-app-200131-200149/notes_frontend/src/App.js", "pattern": "/^              notes={notes}$/", "language": "JavaScript", "kind": "field", "scope": "App.notes", "scopeKind": "class"}, {"_type": "tag", "name": "selectedId", "path": "/home/kavia/workspace/code-generation/simple-notes-app-200131-200149/notes_frontend/src/App.js", "pattern": "/^              selectedId={selectedId}$/", "language": "JavaScript", "kind": "field", "scope": "App.selectedId", "scopeKind": "class"}, {"_type": "tag", "name": "sortNotesStable", "path": "/home/kavia/workspace/code-generation/simple-notes-app-200131-200149/notes_frontend/src/App.js", "pattern": "/^function sortNotesStable(notes) {$/", "language": "JavaScript", "kind": "function", "signature": "(notes)"}, {"_type": "tag", "name": "title", "path": "/home/kavia/workspace/code-generation/simple-notes-app-200131-200149/notes_frontend/src/App.js", "pattern": "/^    const trimmed = { title: title.trim(), content: content.trim() };$/", "language": "JavaScript", "kind": "property", "scope": "App.trimmed", "scopeKind": "class"}, {"_type": "tag", "name": "trimmed", "path": "/home/kavia/workspace/code-generation/simple-notes-app-200131-200149/notes_frontend/src/App.js", "pattern": "/^    const trimmed = { title: title.trim(), content: content.trim() };$/", "language": "JavaScript", "kind": "class", "scope": "App", "scopeKind": "class"}], "hash": "806eadebf0d13b3a25b62c5cb67a6c83", "format-version": 4, "code-base-name": "notes_frontend", "filename": "notes_frontend/src/App.js", "fields": [{"name": "const trimmed = { title: title.trim(), content: content.trim() };", "scope": "App.trimmed", "scopeKind": "class", "description": "unavailable"}, {"name": "mode={editorMode}", "scope": "App.mode", "scopeKind": "class", "description": "unavailable"}, {"name": "note={editorMode === 'edit' ? selectedNote : null}", "scope": "App.note", "scopeKind": "class", "description": "unavailable"}, {"name": "onCancel={handleCancel}", "scope": "App.onCancel", "scopeKind": "class", "description": "unavailable"}, {"name": "onCreateNew={handleCreateNew}", "scope": "App.onCreateNew", "scopeKind": "class", "description": "unavailable"}, {"name": "onDelete={handleDelete}", "scope": "App.onDelete", "scopeKind": "class", "description": "unavailable"}, {"name": "onSave={handleSave}", "scope": "App.onSave", "scopeKind": "class", "description": "unavailable"}, {"name": "onSelect={handleSelect}", "scope": "App.onSelect", "scopeKind": "class", "description": "unavailable"}, {"name": "isLoading={isLoading && !lastLoadedRef.current}", "scope": "App.isLoading", "scopeKind": "class", "description": "unavailable"}, {"name": "isSaving={isSaving}", "scope": "App.isSaving", "scopeKind": "class", "description": "unavailable"}, {"name": "notes={notes}", "scope": "App.notes", "scopeKind": "class", "description": "unavailable"}, {"name": "selectedId={selectedId}", "scope": "App.selectedId", "scopeKind": "class", "description": "unavailable"}], "revision_history": [{"38": "8f5abe90bcf1978b40a5d30ad362d7b8d17dc1c9"}]}