{"is_source_file": true, "format": "JavaScript (or TypeScript) test setup file", "description": "This file configures the testing environment by importing jest-dom matchers, enabling enhanced assertions for DOM nodes in tests.", "external_files": ["@testing-library/jest-dom"], "external_methods": [], "published": [], "classes": [], "methods": [], "calls": ["import '@testing-library/jest-dom'"], "search-terms": ["setupTests.js", "jest-dom", "testing-library", "test configuration"], "state": 2, "file_id": 10, "knowledge_revision": 23, "git_revision": "8f5abe90bcf1978b40a5d30ad362d7b8d17dc1c9", "ctags": [], "hash": "1a77571e1a8cf36018a41bcedf60db75", "format-version": 4, "code-base-name": "notes_frontend", "filename": "notes_frontend/src/setupTests.js", "revision_history": [{"23": "8f5abe90bcf1978b40a5d30ad362d7b8d17dc1c9"}]}