{"is_source_file": true, "format": "JavaScript", "description": "This file defines an API client module for interacting with the Notes backend. It provides functions to list, create, update, delete notes, and check backend reachability, encapsulating HTTP request logic using fetch API.", "external_files": ["node:process", "fetch API", "headers", "Promise"], "external_methods": ["fetch", "Promise.reject"], "published": ["listNotes", "createNote", "updateNote", "deleteNote", "checkBackendReachable", "getResolvedApiBaseUrl"], "classes": [], "methods": [{"name": "normalizeError(error)", "description": "Normalizes fetch errors to a consistent shape, handling AbortError and network errors.", "scope": "", "scopeKind": ""}, {"name": "getApiBaseUrl()", "description": "Determines the backend base URL from environment variables or defaults to same-origin.", "scope": "", "scopeKind": ""}, {"name": "request(path, options = {})", "description": "Performs an HTTP request to the specified path with given options, handling errors and response parsing.", "scope": "", "scopeKind": ""}, {"name": "checkBackendReachable()", "scope": "", "scopeKind": "", "description": "unavailable"}, {"name": "createNote(payload)", "scope": "", "scopeKind": "", "description": "unavailable"}, {"name": "deleteNote(id)", "scope": "", "scopeKind": "", "description": "unavailable"}, {"name": "getResolvedApiBaseUrl()", "scope": "", "scopeKind": "", "description": "unavailable"}, {"name": "listNotes()", "scope": "", "scopeKind": "", "description": "unavailable"}, {"name": "updateNote(id, payload)", "scope": "", "scopeKind": "", "description": "unavailable"}], "calls": ["normalizeError", "getApiBaseUrl", "fetch", "res.headers.get", "res.json", "res.text", "listNotes", "createNote", "updateNote", "deleteNote"], "search-terms": ["client.js", "Notes backend API", "fetch", "request handler", "API base URL"], "state": 2, "file_id": 13, "knowledge_revision": 27, "git_revision": "", "ctags": [{"_type": "tag", "name": "checkBackendReachable", "path": "/home/kavia/workspace/code-generation/simple-notes-app-200131-200149/notes_frontend/src/api/client.js", "pattern": "/^export async function checkBackendReachable() {$/", "language": "JavaScript", "kind": "function", "signature": "()"}, {"_type": "tag", "name": "createNote", "path": "/home/kavia/workspace/code-generation/simple-notes-app-200131-200149/notes_frontend/src/api/client.js", "pattern": "/^export async function createNote(payload) {$/", "language": "JavaScript", "kind": "function", "signature": "(payload)"}, {"_type": "tag", "name": "deleteNote", "path": "/home/kavia/workspace/code-generation/simple-notes-app-200131-200149/notes_frontend/src/api/client.js", "pattern": "/^export async function deleteNote(id) {$/", "language": "JavaScript", "kind": "function", "signature": "(id)"}, {"_type": "tag", "name": "getApiBaseUrl", "path": "/home/kavia/workspace/code-generation/simple-notes-app-200131-200149/notes_frontend/src/api/client.js", "pattern": "/^function getApiBaseUrl() {$/", "language": "JavaScript", "kind": "function", "signature": "()"}, {"_type": "tag", "name": "getResolvedApiBaseUrl", "path": "/home/kavia/workspace/code-generation/simple-notes-app-200131-200149/notes_frontend/src/api/client.js", "pattern": "/^export function getResolvedApiBaseUrl() {$/", "language": "JavaScript", "kind": "function", "signature": "()"}, {"_type": "tag", "name": "listNotes", "path": "/home/kavia/workspace/code-generation/simple-notes-app-200131-200149/notes_frontend/src/api/client.js", "pattern": "/^export async function listNotes() {$/", "language": "JavaScript", "kind": "function", "signature": "()"}, {"_type": "tag", "name": "normalizeError", "path": "/home/kavia/workspace/code-generation/simple-notes-app-200131-200149/notes_frontend/src/api/client.js", "pattern": "/^function normalizeError(error) {$/", "language": "JavaScript", "kind": "function", "signature": "(error)"}, {"_type": "tag", "name": "request", "path": "/home/kavia/workspace/code-generation/simple-notes-app-200131-200149/notes_frontend/src/api/client.js", "pattern": "/^async function request(path, options = {}) {$/", "language": "JavaScript", "kind": "function", "signature": "(path, options = {})"}, {"_type": "tag", "name": "updateNote", "path": "/home/kavia/workspace/code-generation/simple-notes-app-200131-200149/notes_frontend/src/api/client.js", "pattern": "/^export async function updateNote(id, payload) {$/", "language": "JavaScript", "kind": "function", "signature": "(id, payload)"}], "hash": "08971255250905afedcae8762ccc64a9", "format-version": 4, "code-base-name": "notes_frontend", "filename": "notes_frontend/src/api/client.js", "revision_history": [{"27": ""}]}